Topic,Label,Count
0,German Migration Personality Differences,181
1,LLM Error Detection,50
2,Facebook Life Tracking,43
3,German Multilevel Trust Perception,40
4,Social Media Election Polarization,37
5,Media Trust in Learning Groups,35
6,Mixed Mode Panel Nonresponse,32
7,Web Face Sampling Costs,31
8,Online Panel Recruitment Methods,31
9,Government Metadata Channels,31
10,Covid Trust in Hybrid Actors,24
11,Governance Personality Trait Levels,23
15,Interview Protocol Development,21
14,Argument Quality Mining Techniques,21
13,European Gender Inclusion Metrics,21
